[
  {
    "question": "ما ناتج تفاعل الصوديوم (Na) مع الماء (H₂O)؟",
    "formula": "NaOH + H₂",
    "choices": ["NaOH + H₂", "Na₂O + H₂", "NaH + OH"],
    "hint": "ينتج غاز الهيدروجين وهيدروكسيد الصوديوم",
    "answer": "NaOH + H₂"
  },
  {
    "question": "ما ناتج تفاعل الحديد (Fe) مع الكبريت (S)؟",
    "formula": "FeS",
    "choices": ["FeS", "Fe₂S₃", "Fe + S"],
    "hint": "مركب أسود اللون يُستخدم في البطاريات",
    "answer": "FeS"
  },
  {
    "question": "ما ناتج تفاعل الألومنيوم (Al) مع الأكسجين (O₂)؟",
    "formula": "Al₂O₃",
    "choices": ["Al₂O₃", "AlO", "AlO₂"],
    "hint": "أكسيد مقاوم للحرارة",
    "answer": "Al₂O₃"
  },
  {
    "question": "ما ناتج تفاعل الزنك (Zn) مع حمض الهيدروكلوريك (HCl)؟",
    "formula": "ZnCl₂ + H₂",
    "choices": ["ZnCl₂ + H₂", "ZnH + Cl₂", "Zn + HCl"],
    "hint": "يتصاعد غاز الهيدروجين",
    "answer": "ZnCl₂ + H₂"
  },
  {
    "question": "ما ناتج تفاعل الكربون (C) مع الأكسجين (O₂)؟",
    "formula": "CO₂",
    "choices": ["CO₂", "CO", "C₂O"],
    "hint": "غاز يسبب الاحتباس الحراري",
    "answer": "CO₂"
  },
  {
    "question": "ما ناتج تفاعل المغنيسيوم (Mg) مع الأكسجين (O₂)؟",
    "formula": "MgO",
    "choices": ["MgO", "Mg₂O", "MgO₂"],
    "hint": "مسحوق أبيض يستخدم في الصناعات",
    "answer": "MgO"
  },
  {
    "question": "ما ناتج تفاعل الهيدروجين (H₂) مع الأكسجين (O₂)؟",
    "formula": "H₂O",
    "choices": ["H₂O", "H₂O₂", "HO"],
    "hint": "أساس الحياة على الأرض",
    "answer": "H₂O"
  },
  {
    "question": "ما ناتج تفاعل النحاس (Cu) مع الأكسجين (O₂)؟",
    "formula": "CuO",
    "choices": ["CuO", "Cu₂O", "CuO₂"],
    "hint": "يتكون عند تسخين النحاس",
    "answer": "CuO"
  },
  {
    "question": "ما ناتج تفاعل الكلور (Cl₂) مع الهيدروجين (H₂)؟",
    "formula": "HCl",
    "choices": ["HCl", "H₂Cl", "ClH"],
    "hint": "غاز سام عديم اللون",
    "answer": "HCl"
  },
  {
    "question": "ما ناتج تفاعل الأمونيا (NH₃) مع حمض الهيدروكلوريك (HCl)؟",
    "formula": "NH₄Cl",
    "choices": ["NH₄Cl", "NH₃Cl", "N₂H₄Cl"],
    "hint": "ملح أبيض متبلور",
    "answer": "NH₄Cl"
  },
  {
    "question": "ما ناتج تفاعل كربونات الكالسيوم (CaCO₃) مع الحرارة؟",
    "formula": "CaO + CO₂",
    "choices": ["CaO + CO₂", "Ca + CO₃", "CaCO₂"],
    "hint": "يحدث في صناعة الأسمنت",
    "answer": "CaO + CO₂"
  },
  {
    "question": "ما ناتج تفاعل نترات الفضة (AgNO₃) مع كلوريد الصوديوم (NaCl)؟",
    "formula": "AgCl + NaNO₃",
    "choices": ["AgCl + NaNO₃", "Ag + NaClO₃", "AgNa + ClNO₃"],
    "hint": "راسب أبيض يتكون",
    "answer": "AgCl + NaNO₃"
  },
  {
    "question": "ما ناتج تفاعل الإيثانول (C₂H₅OH) مع الأكسجين (O₂)؟",
    "formula": "CO₂ + H₂O",
    "choices": ["CO₂ + H₂O", "C + H₂O", "CH₄ + O₂"],
    "hint": "احتراق كامل للكحول",
    "answer": "CO₂ + H₂O"
  },
  {
    "question": "ما ناتج تفاعل البوتاسيوم (K) مع الماء (H₂O)؟",
    "formula": "KOH + H₂",
    "choices": ["KOH + H₂", "K₂O + H₂", "KH + OH"],
    "hint": "تفاعل شديد مع انفجار",
    "answer": "KOH + H₂"
  },
  {
    "question": "ما ناتج تفاعل الحديد (Fe) مع كبريتات النحاس (CuSO₄)؟",
    "formula": "FeSO₄ + Cu",
    "choices": ["FeSO₄ + Cu", "Fe + CuSO₄", "FeCu + SO₄"],
    "hint": "تغير لون المحلول",
    "answer": "FeSO₄ + Cu"
  },
  {
    "question": "ما ناتج تفاعل أكسيد النحاس (CuO) مع الهيدروجين (H₂)؟",
    "formula": "Cu + H₂O",
    "choices": ["Cu + H₂O", "CuH + OH", "CuO + H₂"],
    "hint": "اختزال أكسيد النحاس",
    "answer": "Cu + H₂O"
  },
  {
    "question": "ما ناتج تفاعل الكبريت (S) مع الأكسجين (O₂)؟",
    "formula": "SO₂",
    "choices": ["SO₂", "SO", "S₂O"],
    "hint": "غاز سام له رائحة نفاذة",
    "answer": "SO₂"
  },
  {
    "question": "ما ناتج تفاعل أكسيد الكالسيوم (CaO) مع الماء (H₂O)؟",
    "formula": "Ca(OH)₂",
    "choices": ["Ca(OH)₂", "CaO + H₂O", "CaH₂ + O₂"],
    "hint": "يتصاعد حرارة",
    "answer": "Ca(OH)₂"
  },
  {
    "question": "ما ناتج تفاعل الميثان (CH₄) مع الأكسجين (O₂)؟",
    "formula": "CO₂ + H₂O",
    "choices": ["CO₂ + H₂O", "C + H₂O", "CH₄O"],
    "hint": "احتراق الغاز الطبيعي",
    "answer": "CO₂ + H₂O"
  },
  {
    "question": "ما ناتج تفاعل الفوسفور (P) مع الأكسجين (O₂)؟",
    "formula": "P₂O₅",
    "choices": ["P₂O₅", "PO", "P₂O₃"],
    "hint": "مسحوق أبيض يمتص الرطوبة",
    "answer": "P₂O₅"
  },
  {
    "question": "ما ناتج تفاعل هيدروكسيد الصوديوم (NaOH) مع حمض الكبريتيك (H₂SO₄)؟",
    "formula": "Na₂SO₄ + H₂O",
    "choices": ["Na₂SO₄ + H₂O", "NaSO₄ + H₂", "NaOH + H₂SO₄"],
    "hint": "تفاعل تعادل",
    "answer": "Na₂SO₄ + H₂O"
  },
  {
    "question": "ما ناتج تفاعل أكسيد الحديد (Fe₂O₃) مع الألومنيوم (Al)؟",
    "formula": "Fe + Al₂O₃",
    "choices": ["Fe + Al₂O₃", "FeAl + O₃", "Fe₂O₃ + Al"],
    "hint": "تفاعل ثيرميت",
    "answer": "Fe + Al₂O₃"
  },
  {
    "question": "ما ناتج تفاعل الكلور (Cl₂) مع الصوديوم (Na)؟",
    "formula": "NaCl",
    "choices": ["NaCl", "Na₂Cl", "NaCl₂"],
    "hint": "ملح الطعام",
    "answer": "NaCl"
  },
  {
    "question": "ما ناتج تفاعل أكسيد الزنك (ZnO) مع الكربون (C)؟",
    "formula": "Zn + CO₂",
    "choices": ["Zn + CO₂", "ZnC + O₂", "ZnO + C"],
    "hint": "استخلاص الزنك",
    "answer": "Zn + CO₂"
  },
  {
    "question": "ما ناتج تفاعل كربيد الكالسيوم (CaC₂) مع الماء (H₂O)؟",
    "formula": "C₂H₂ + Ca(OH)₂",
    "choices": ["C₂H₂ + Ca(OH)₂", "CH₄ + CaO", "Ca + C₂H₂O"],
    "hint": "إنتاج غاز الأسيتيلين",
    "answer": "C₂H₂ + Ca(OH)₂"
  },
  {
    "question": "ما ناتج تفاعل النحاس (Cu) مع حمض الكبريتيك المركز (H₂SO₄)؟",
    "formula": "CuSO₄ + SO₂ + H₂O",
    "choices": ["CuSO₄ + SO₂ + H₂O", "CuO + H₂SO₄", "CuS + H₂O"],
    "hint": "ينتج غاز كبريتيد",
    "answer": "CuSO₄ + SO₂ + H₂O"
  },
  {
    "question": "ما ناتج تفاعل الجلوكوز (C₆H₁₂O₆) مع الأكسجين (O₂)؟",
    "formula": "CO₂ + H₂O",
    "choices": ["CO₂ + H₂O", "C + H₂O", "CH₄ + O₂"],
    "hint": "تنفس خلوي",
    "answer": "CO₂ + H₂O"
  },
  {
    "question": "ما ناتج تفاعل كبريتيد الحديد (FeS) مع حمض الهيدروكلوريك (HCl)؟",
    "formula": "FeCl₂ + H₂S",
    "choices": ["FeCl₂ + H₂S", "Fe + H₂S", "FeS + HCl"],
    "hint": "غاز برائحة البيض الفاسد",
    "answer": "FeCl₂ + H₂S"
  },
  {
    "question": "ما ناتج تفاعل أكسيد النحاس (CuO) مع حمض الكبريتيك (H₂SO₄)؟",
    "formula": "CuSO₄ + H₂O",
    "choices": ["CuSO₄ + H₂O", "Cu + H₂SO₄", "CuO + H₂SO₄"],
    "hint": "محلول أزرق",
    "answer": "CuSO₄ + H₂O"
  },
  {
    "question": "ما ناتج تفاعل الصوديوم (Na) مع الكلور (Cl₂)؟",
    "formula": "NaCl",
    "choices": ["NaCl", "Na₂Cl", "NaCl₂"],
    "hint": "تفاعل عنيف",
    "answer": "NaCl"
  },
  {
    "question": "ما ناتج تفاعل الميثانول (CH₃OH) مع الأكسجين (O₂)؟",
    "formula": "CO₂ + H₂O",
    "choices": ["CO₂ + H₂O", "C + H₂O", "CH₄ + O₂"],
    "hint": "احتراق الكحول",
    "answer": "CO₂ + H₂O"
  },
  {
    "question": "ما ناتج تفاعل كربونات المغنيسيوم (MgCO₃) مع الحرارة؟",
    "formula": "MgO + CO₂",
    "choices": ["MgO + CO₂", "Mg + CO₃", "MgCO₂"],
    "hint": "يشبه تحلل الحجر الجيري",
    "answer": "MgO + CO₂"
  },
  {
    "question": "ما ناتج تفاعل الألومنيوم (Al) مع هيدروكسيد الصوديوم (NaOH)؟",
    "formula": "Na[Al(OH)₄] + H₂",
    "choices": ["Na[Al(OH)₄] + H₂", "AlO + NaOH", "Al + NaOH"],
    "hint": "يتصاعد غاز الهيدروجين",
    "answer": "Na[Al(OH)₄] + H₂"
  },
  {
    "question": "ما ناتج تفاعل ثاني أكسيد الكبريت (SO₂) مع الأكسجين (O₂)؟",
    "formula": "SO₃",
    "choices": ["SO₃", "SO", "S₂O₃"],
    "hint": "خطوة في صناعة حمض الكبريتيك",
    "answer": "SO₃"
  },
  {
    "question": "ما ناتج تفاعل نترات البوتاسيوم (KNO₃) مع الحرارة؟",
    "formula": "KNO₂ + O₂",
    "choices": ["KNO₂ + O₂", "K + NO₃", "K₂O + NO₂"],
    "hint": "يُستخدم في البارود",
    "answer": "KNO₂ + O₂"
  },
  {
    "question": "ما ناتج تفاعل البنزين (C₆H₆) مع الأكسجين (O₂)؟",
    "formula": "CO₂ + H₂O",
    "choices": ["CO₂ + H₂O", "C + H₂O", "CH₄ + O₂"],
    "hint": "احتراق غير كامل ينتج سناجًا",
    "answer": "CO₂ + H₂O"
  },
  {
    "question": "ما ناتج تفاعل أكسيد الرصاص (PbO) مع الكربون (C)؟",
    "formula": "Pb + CO₂",
    "choices": ["Pb + CO₂", "PbC + O₂", "PbO + C"],
    "hint": "استخلاص الرصاص",
    "answer": "Pb + CO₂"
  },
  {
    "question": "ما ناتج تفاعل الفضة (Ag) مع حمض النيتريك (HNO₃)؟",
    "formula": "AgNO₃ + NO + H₂O",
    "choices": ["AgNO₃ + NO + H₂O", "AgO + HNO₃", "Ag + NO₃"],
    "hint": "يُستخدم في التصوير الفوتوغرافي",
    "answer": "AgNO₃ + NO + H₂O"
  },
  {
    "question": "ما ناتج تفاعل المغنيسيوم (Mg) مع ثاني أكسيد الكربون (CO₂)؟",
    "formula": "MgO + C",
    "choices": ["MgO + C", "MgCO₃", "Mg + CO₂"],
    "hint": "المغنيسيوم يحترق في CO₂",
    "answer": "MgO + C"
  }
]